Precision,ROC AUC,ΔPrecision,ΔROC_AUC
0.6884,0.8867,9.950000000000003,2.0400000000000085
0.6151,0.8737,9.950000000000003,2.0400000000000085
0.5889,0.8663,9.950000000000003,2.0400000000000085
